{
	"start":	{
		"connected":	[{
				"socket":	5,
				"local_host":	"192.168.2.102",
				"local_port":	46918,
				"remote_host":	"192.168.2.103",
				"remote_port":	5201
			}],
		"version":	"iperf 3.9",
		"system_info":	"Linux slab 5.19.0-50-generic #50-Ubuntu SMP PREEMPT_DYNAMIC Mon Jul 10 18:24:29 UTC 2023 x86_64",
		"timestamp":	{
			"time":	"Fri, 05 Jan 2024 07:36:15 GMT",
			"timesecs":	1704440175
		},
		"connecting_to":	{
			"host":	"192.168.2.103",
			"port":	5201
		},
		"cookie":	"n6wxzyemc2w2m375milmjfkixo5mg67zzonu",
		"tcp_mss_default":	1448,
		"sock_bufsize":	0,
		"sndbuf_actual":	16384,
		"rcvbuf_actual":	87380,
		"test_start":	{
			"protocol":	"TCP",
			"num_streams":	1,
			"blksize":	131072,
			"omit":	0,
			"duration":	10,
			"bytes":	0,
			"blocks":	0,
			"reverse":	0,
			"tos":	0
		}
	},
	"intervals":	[{
			"streams":	[{
					"socket":	5,
					"start":	0,
					"end":	1.000021,
					"seconds":	1.0000209808349609,
					"bytes":	3969962088,
					"bits_per_second":	31759030373.025223,
					"retransmits":	0,
					"snd_cwnd":	1401664,
					"rtt":	215,
					"rttvar":	17,
					"pmtu":	1500,
					"omitted":	false,
					"sender":	true
				}],
			"sum":	{
				"start":	0,
				"end":	1.000021,
				"seconds":	1.0000209808349609,
				"bytes":	3969962088,
				"bits_per_second":	31759030373.025223,
				"retransmits":	0,
				"omitted":	false,
				"sender":	true
			}
		}, {
			"streams":	[{
					"socket":	5,
					"start":	1.000021,
					"end":	2.000113,
					"seconds":	1.0000920295715332,
					"bytes":	4132700160,
					"bits_per_second":	33058558914.987549,
					"retransmits":	0,
					"snd_cwnd":	1340848,
					"rtt":	201,
					"rttvar":	47,
					"pmtu":	1500,
					"omitted":	false,
					"sender":	true
				}],
			"sum":	{
				"start":	1.000021,
				"end":	2.000113,
				"seconds":	1.0000920295715332,
				"bytes":	4132700160,
				"bits_per_second":	33058558914.987549,
				"retransmits":	0,
				"omitted":	false,
				"sender":	true
			}
		}, {
			"streams":	[{
					"socket":	5,
					"start":	2.000113,
					"end":	3.000159,
					"seconds":	1.0000460147857666,
					"bytes":	3997696000,
					"bits_per_second":	31980096442.713394,
					"retransmits":	0,
					"snd_cwnd":	1424832,
					"rtt":	227,
					"rttvar":	22,
					"pmtu":	1500,
					"omitted":	false,
					"sender":	true
				}],
			"sum":	{
				"start":	2.000113,
				"end":	3.000159,
				"seconds":	1.0000460147857666,
				"bytes":	3997696000,
				"bits_per_second":	31980096442.713394,
				"retransmits":	0,
				"omitted":	false,
				"sender":	true
			}
		}, {
			"streams":	[{
					"socket":	5,
					"start":	3.000159,
					"end":	4.000034,
					"seconds":	0.999875009059906,
					"bytes":	4023910400,
					"bits_per_second":	32195307321.72876,
					"retransmits":	0,
					"snd_cwnd":	1230800,
					"rtt":	234,
					"rttvar":	22,
					"pmtu":	1500,
					"omitted":	false,
					"sender":	true
				}],
			"sum":	{
				"start":	3.000159,
				"end":	4.000034,
				"seconds":	0.999875009059906,
				"bytes":	4023910400,
				"bits_per_second":	32195307321.72876,
				"retransmits":	0,
				"omitted":	false,
				"sender":	true
			}
		}, {
			"streams":	[{
					"socket":	5,
					"start":	4.000034,
					"end":	5.000029,
					"seconds":	0.999994993209839,
					"bytes":	4076339200,
					"bits_per_second":	32610876875.81749,
					"retransmits":	0,
					"snd_cwnd":	1303200,
					"rtt":	198,
					"rttvar":	31,
					"pmtu":	1500,
					"omitted":	false,
					"sender":	true
				}],
			"sum":	{
				"start":	4.000034,
				"end":	5.000029,
				"seconds":	0.999994993209839,
				"bytes":	4076339200,
				"bits_per_second":	32610876875.81749,
				"retransmits":	0,
				"omitted":	false,
				"sender":	true
			}
		}, {
			"streams":	[{
					"socket":	5,
					"start":	5.000029,
					"end":	6.000239,
					"seconds":	1.0002100467681885,
					"bytes":	4082892800,
					"bits_per_second":	32656283053.283611,
					"retransmits":	0,
					"snd_cwnd":	1323472,
					"rtt":	201,
					"rttvar":	15,
					"pmtu":	1500,
					"omitted":	false,
					"sender":	true
				}],
			"sum":	{
				"start":	5.000029,
				"end":	6.000239,
				"seconds":	1.0002100467681885,
				"bytes":	4082892800,
				"bits_per_second":	32656283053.283611,
				"retransmits":	0,
				"omitted":	false,
				"sender":	true
			}
		}, {
			"streams":	[{
					"socket":	5,
					"start":	6.000239,
					"end":	7.000164,
					"seconds":	0.99992501735687256,
					"bytes":	4135321600,
					"bits_per_second":	33085053604.7673,
					"retransmits":	0,
					"snd_cwnd":	1222112,
					"rtt":	162,
					"rttvar":	9,
					"pmtu":	1500,
					"omitted":	false,
					"sender":	true
				}],
			"sum":	{
				"start":	6.000239,
				"end":	7.000164,
				"seconds":	0.99992501735687256,
				"bytes":	4135321600,
				"bits_per_second":	33085053604.7673,
				"retransmits":	0,
				"omitted":	false,
				"sender":	true
			}
		}, {
			"streams":	[{
					"socket":	5,
					"start":	7.000164,
					"end":	8.000261,
					"seconds":	1.0000970363616943,
					"bytes":	4144496640,
					"bits_per_second":	33152756097.16819,
					"retransmits":	0,
					"snd_cwnd":	1311888,
					"rtt":	201,
					"rttvar":	33,
					"pmtu":	1500,
					"omitted":	false,
					"sender":	true
				}],
			"sum":	{
				"start":	7.000164,
				"end":	8.000261,
				"seconds":	1.0000970363616943,
				"bytes":	4144496640,
				"bits_per_second":	33152756097.16819,
				"retransmits":	0,
				"omitted":	false,
				"sender":	true
			}
		}, {
			"streams":	[{
					"socket":	5,
					"start":	8.000261,
					"end":	9.000043,
					"seconds":	0.9997820258140564,
					"bytes":	4096000000,
					"bits_per_second":	32775144135.362091,
					"retransmits":	0,
					"snd_cwnd":	1395872,
					"rtt":	200,
					"rttvar":	35,
					"pmtu":	1500,
					"omitted":	false,
					"sender":	true
				}],
			"sum":	{
				"start":	8.000261,
				"end":	9.000043,
				"seconds":	0.9997820258140564,
				"bytes":	4096000000,
				"bits_per_second":	32775144135.362091,
				"retransmits":	0,
				"omitted":	false,
				"sender":	true
			}
		}, {
			"streams":	[{
					"socket":	5,
					"start":	9.000043,
					"end":	10.000061,
					"seconds":	1.0000180006027222,
					"bytes":	4085514240,
					"bits_per_second":	32683525596.840172,
					"retransmits":	0,
					"snd_cwnd":	1300304,
					"rtt":	219,
					"rttvar":	27,
					"pmtu":	1500,
					"omitted":	false,
					"sender":	true
				}],
			"sum":	{
				"start":	9.000043,
				"end":	10.000061,
				"seconds":	1.0000180006027222,
				"bytes":	4085514240,
				"bits_per_second":	32683525596.840172,
				"retransmits":	0,
				"omitted":	false,
				"sender":	true
			}
		}],
	"end":	{
		"streams":	[{
				"sender":	{
					"socket":	5,
					"start":	0,
					"end":	10.000061,
					"seconds":	10.000061,
					"bytes":	40744833128,
					"bits_per_second":	32595667668.827217,
					"retransmits":	0,
					"max_snd_cwnd":	1424832,
					"max_rtt":	234,
					"min_rtt":	162,
					"mean_rtt":	205,
					"sender":	true
				},
				"receiver":	{
					"socket":	5,
					"start":	0,
					"end":	10.043109,
					"seconds":	10.000061,
					"bytes":	40734909136,
					"bits_per_second":	32448047022.88903,
					"sender":	true
				}
			}],
		"sum_sent":	{
			"start":	0,
			"end":	10.000061,
			"seconds":	10.000061,
			"bytes":	40744833128,
			"bits_per_second":	32595667668.827217,
			"retransmits":	0,
			"sender":	true
		},
		"sum_received":	{
			"start":	0,
			"end":	10.043109,
			"seconds":	10.043109,
			"bytes":	40734909136,
			"bits_per_second":	32448047022.88903,
			"sender":	true
		},
		"cpu_utilization_percent":	{
			"host_total":	70.927679633174051,
			"host_user":	0.47796177495351827,
			"host_system":	70.449717858220524,
			"remote_total":	21.238119416771635,
			"remote_user":	0.56317364533615155,
			"remote_system":	20.674948437081245
		},
		"sender_tcp_congestion":	"bbr",
		"receiver_tcp_congestion":	"bbr"
	}
}
